<Shapes xmlns="http://www.evolus.vn/Namespace/Pencil" xmlns:p="http://www.evolus.vn/Namespace/Pencil"
	xmlns:svg="http://www.w3.org/2000/svg"
	xmlns:xlink="http://www.w3.org/1999/xlink"
	xmlns:dc="http://purl.org/dc/elements/1.1/"
	xmlns:cc="http://web.resource.org/cc/"
	xmlns:rdf="http://www.w3.org/1999/02/22-rdf-syntax-ns#"
	xmlns:sodipodi="http://sodipodi.sourceforge.net/DTD/sodipodi-0.dtd"
	xmlns:inkscape="http://www.inkscape.org/namespaces/inkscape"
	id="calle.bokedal.Flowchart"
	displayName="Flowchart Shapes"
	description="Collection of flowchart shapes"
	author="Calle Bokedal (calle.bokedal@gmail.com). Tip: Try out actions and properties for each shape."
	url="">
	<Shape id="Process" displayName="Page" icon="Icons/process.png">
		<Properties>
			<PropertyGroup>
				<Property name="box" type="Dimension" p:lockRatio="true">105,60</Property>
				<Property name="isMulti" type="Bool" displayName="Page Stack">false</Property>
				<Property name="withBlur" type="Bool" displayName="With Shadow">false</Property>
				<Property name="withCorners" type="Bool" displayName="With Rounded Corners">false</Property>
				<Property name="withBorder" type="Bool" displayName="With Border">true</Property>
			</PropertyGroup>
			<PropertyGroup name="Handles">
				<Property name="radius" displayName="Corner Radius" type="Handle" p:disabled="!$withCorners.value" p:lockY="true" p:minX="0" p:maxX="$box.w / 2">15,0</Property>
				<Property name="textPadding" displayName="Text Padding" type="Handle" p:lockX="true" p:minY="0" p:maxY="$box.w / 2">0,10</Property>
			</PropertyGroup>
			<PropertyGroup name="Background">
				<Property name="fillColor" displayName="Background Color" type="Color">#ffffffff</Property>
			</PropertyGroup>
			<PropertyGroup name="Border">
				<Property name="strokeColor" displayName="Border Color" type="Color">#000000ff</Property>
				<Property name="strokeStyle" displayName="Border Style" type="StrokeStyle">1|</Property>
			</PropertyGroup>
			<PropertyGroup name="Text">
				<Property name="textContent" displayName="Text Content" type="RichText"><![CDATA[Page]]></Property>
				<Property name="textFont" displayName="Default Font" type="Font">Arial|normal|normal|12px</Property>
				<Property name="textColor" displayName="Text Color" type="Color">#000000ff</Property>
				<Property name="textAlign" displayName="Text Alignment" type="Alignment">1,1</Property>
			</PropertyGroup>
		</Properties>
		<Behaviors>
			<For ref="rrRect">
				<Box>$box.narrowed($strokeStyle.w % 2 == 0 ? 0 : 1)</Box>
				<Transform>[translate(($strokeStyle.w % 2 == 0 ? 0 : 0.5), ($strokeStyle.w % 2 == 0 ? 0 : 0.5))]</Transform>
				<Fill>$fillColor</Fill>
				<StrokeColor>$strokeColor</StrokeColor>
				<StrokeStyle>$withBorder.value ? $strokeStyle : StrokeStyle.fromString("0|")</StrokeStyle>
				<Radius>
					<Arg>$withCorners.value ? $radius.x : 0</Arg>
					<Arg>$withCorners.value ? $radius.x : 0</Arg>
				</Radius>
			</For>
			<For ref="text">
				<TextContent>$textContent</TextContent>
				<Font>$textFont</Font>
				<Fill>$textColor</Fill>
				<Color>$textColor</Color>
				<BoxFit>
					<Arg>Bound.fromBox($box, $textPadding.y)</Arg>
					<Arg>$textAlign</Arg>
				</BoxFit>
			</For>
			<For ref="bgCopy">
				<Transform>
					($isMulti.value ? [translate(10,10)] : [translate(2,2)]);
				</Transform>
				<ApplyFilter>$withBlur</ApplyFilter>
				<Visibility>$withBlur</Visibility>
			</For>
			<For ref="multi1">
				<Visibility>$isMulti</Visibility>
			</For>
			<For ref="multi2">
				<Visibility>$isMulti</Visibility>
			</For>
		</Behaviors>
		<Actions>
			<Action id="makeSymmetricMin" displayName="Make Symmetric (min)">
				<Impl>
					<![CDATA[
					var box = this.getProperty("box");
					var size = Math.min(box.w, box.h);
					this.setProperty("box", new Dimension(size, size));
					]]>
				</Impl>
			</Action>
			<Action id="makeSymmetricMax" displayName="Make Symmetric (max)">
				<Impl>
					<![CDATA[
					var box = this.getProperty("box");
					var size = Math.max(box.w, box.h);
					this.setProperty("box", new Dimension(size, size));
					]]>
				</Impl>
			</Action>
		</Actions>
		<p:Content xmlns:p="http://www.evolus.vn/Namespace/Pencil" xmlns="http://www.w3.org/2000/svg">
			<defs>
				<rect width="61" height="24" rx="3" ry="3" x="0" y="0" style="stroke-width: 1px;" id="rrRect" />
				<filter id="shadingFilter" height="1.2558399" y="-0.12792" width="1.06396" x="-0.03198">
					<feGaussianBlur stdDeviation="1" in="SourceAlpha"/>
				</filter>
			</defs>
			<use xlink:href="#rrRect" id="bgCopy" transform="translate(2, 2)" p:filter="url(#shadingFilter)" style="opacity:0.5;" p:heavy="true"/>
			<use xlink:href="#rrRect" id="multi2" transform="translate(8, 8)"/>
			<use xlink:href="#rrRect" id="multi1" transform="translate(4, 4)"/>
			<use xlink:href="#rrRect" />
			<foreignObject x="0" y="0" width="85" height="45" id="text">
				<div xmlns="http://www.w3.org/1999/xhtml"></div>
			</foreignObject>
		</p:Content>
	</Shape>

	<Shape id="File" displayName="File" icon="Icons/file.png">
		<Properties>
			<PropertyGroup>
				<Property name="box" type="Dimension" p:lockRatio="true">50,60</Property>
				<Property name="isMulti" type="Bool" displayName="File Stack">false</Property>
			</PropertyGroup>
			<PropertyGroup name="Handles">
				<Property name="textPadding" displayName="Text Padding" type="Handle" p:lockX="true" p:minY="0" p:maxY="$box.w / 2">0,10</Property>
			</PropertyGroup>
			<PropertyGroup name="Background">
				<Property name="fillColor" displayName="Background Color" type="Color">#ffffffff</Property>
			</PropertyGroup>
			<PropertyGroup name="Border">
				<Property name="strokeColor" displayName="Border Color" type="Color">#000000ff</Property>
				<Property name="strokeStyle" displayName="Border Style" type="StrokeStyle">1|</Property>
			</PropertyGroup>
			<PropertyGroup name="Text">
				<Property name="textContent" displayName="Text Content" type="RichText"><![CDATA[File]]></Property>
				<Property name="textFont" displayName="Default Font" type="Font">Arial|normal|normal|12px</Property>
				<Property name="textColor" displayName="Text Color" type="Color">#000000ff</Property>
				<Property name="textAlign" displayName="Text Alignment" type="Alignment">1,1</Property>
			</PropertyGroup>
		</Properties>
		<Behaviors>
			<For ref="path">
				<Transform>[translate(($strokeStyle.w % 2 == 0 ? 0 : 0.5), ($strokeStyle.w % 2 == 0 ? 0 : 0.5))]</Transform>
				<D>[M(0,0), L($box.w-10,0), L($box.w,10), M($box.w-10,0), L($box.w-10,10), L($box.w,10), L($box.w,$box.h), L(0,$box.h), L(0,0)]</D>
				<Fill>$fillColor</Fill>
				<StrokeColor>$strokeColor</StrokeColor>
				<StrokeStyle>$strokeStyle</StrokeStyle>
			</For>
			<For ref="text">
				<TextContent>$textContent</TextContent>
				<Font>$textFont</Font>
				<Fill>$textColor</Fill>
				<Color>$textColor</Color>
				<BoxFit>
					<Arg>Bound.fromBox($box, $textPadding.y)</Arg>
					<Arg>$textAlign</Arg>
				</BoxFit>
			</For>
			<For ref="multi1">
				<Visibility>$isMulti</Visibility>
			</For>
			<For ref="multi2">
				<Visibility>$isMulti</Visibility>
			</For>
		</Behaviors>
		<Actions>
			<Action id="makeSymmetricMin" displayName="Make Symmetric (min)">
				<Impl>
					<![CDATA[
					var box = this.getProperty("box");
					var size = Math.min(box.w, box.h);
					this.setProperty("box", new Dimension(size, size));
					]]>
				</Impl>
			</Action>
			<Action id="makeSymmetricMax" displayName="Make Symmetric (max)">
				<Impl>
					<![CDATA[
					var box = this.getProperty("box");
					var size = Math.max(box.w, box.h);
					this.setProperty("box", new Dimension(size, size));
					]]>
				</Impl>
			</Action>
		</Actions>
		<p:Content xmlns:p="http://www.evolus.vn/Namespace/Pencil" xmlns="http://www.w3.org/2000/svg">
			<defs>
      	<path style="fill:#ffffff; stroke: #ACA899; stroke-width: 1px;"  id="path"/>
			</defs>
			<use xlink:href="#path" id="multi2" transform="translate(8, 8)"/>
			<use xlink:href="#path" id="multi1" transform="translate(4, 4)"/>
			<use xlink:href="#path" />
			<foreignObject x="0" y="0" width="85" height="45" id="text">
				<div xmlns="http://www.w3.org/1999/xhtml"></div>
			</foreignObject>
		</p:Content>
	</Shape>

	<Shape id="Continuation" displayName="Continuation" icon="Icons/continuation.png">
		<Properties>
			<PropertyGroup>
				<Property name="box" type="Dimension" p:lockRatio="true">90,45</Property>
				<Property name="orientation" displayName="Orientation" type="Enum" p:enumValues="['vertical|Vertical', 'horizontal|Horizontal']">horizontal</Property>
			</PropertyGroup>
			<PropertyGroup name="Handles">
				<Property name="textPadding" displayName="Text Padding" type="Handle" p:lockX="true" p:minY="0" p:maxY="$box.w / 2">0,10</Property>
			</PropertyGroup>
			<PropertyGroup name="Background">
				<Property name="fillColor" displayName="Background Color" type="Color">#ffffff00</Property>
			</PropertyGroup>
			<PropertyGroup name="Border">
				<Property name="strokeColor" displayName="Border Color" type="Color">#000000ff</Property>
				<Property name="strokeStyle" displayName="Border Style" type="StrokeStyle">1|</Property>
			</PropertyGroup>
			<PropertyGroup name="Text">
				<Property name="textContent" displayName="Text Content" type="RichText"><![CDATA[Continuation]]></Property>
				<Property name="textFont" displayName="Default Font" type="Font">Arial|normal|normal|12px</Property>
				<Property name="textColor" displayName="Text Color" type="Color">#000000ff</Property>
				<Property name="textAlign" displayName="Text Alignment" type="Alignment">1,1</Property>
			</PropertyGroup>
		</Properties>
		<Behaviors>
			<For ref="path">
				<Transform>[translate(($strokeStyle.w % 2 == 0 ? 0 : 0.5), ($strokeStyle.w % 2 == 0 ? 0 : 0.5))]</Transform>
				<D>
					var type = $orientation.value == "vertical" ? "vertical" : "horizontal";
					var x = {
						"horizontal": [M(0,5), L(0,0), L($box.w,0), L($box.w,5), M($box.w,$box.h-5), L($box.w,$box.h), L(0,$box.h), L(0,$box.h-5)],
						"vertical": [M(5,0), L(0,0), L(0,$box.h), L(5,$box.h), M($box.w-5,$box.h), L($box.w,$box.h), L($box.w,0), L($box.w-5,0)]
					}[type];
					x
				</D>
				<Fill>$fillColor</Fill>
				<StrokeColor>$strokeColor</StrokeColor>
				<StrokeStyle>$strokeStyle</StrokeStyle>
			</For>
			<For ref="text">
				<TextContent>$textContent</TextContent>
				<Font>$textFont</Font>
				<Fill>$textColor</Fill>
				<Color>$textColor</Color>
				<BoxFit>
					<Arg>Bound.fromBox($box, $textPadding.y)</Arg>
					<Arg>$textAlign</Arg>
				</BoxFit>
			</For>
		</Behaviors>
		<Actions>
			<Action id="makeSymmetricMin" displayName="Make Symmetric (min)">
				<Impl>
					<![CDATA[
					var box = this.getProperty("box");
					var size = Math.min(box.w, box.h);
					this.setProperty("box", new Dimension(size, size));
					]]>
				</Impl>
			</Action>
			<Action id="makeSymmetricMax" displayName="Make Symmetric (max)">
				<Impl>
					<![CDATA[
					var box = this.getProperty("box");
					var size = Math.max(box.w, box.h);
					this.setProperty("box", new Dimension(size, size));
					]]>
				</Impl>
			</Action>
		</Actions>
		<p:Content xmlns:p="http://www.evolus.vn/Namespace/Pencil" xmlns="http://www.w3.org/2000/svg">
			<defs>
      	<path style="fill:#ffffff; stroke: #ACA899; stroke-width: 1px;"  id="path"/>
			</defs>
			<use xlink:href="#path" />
			<foreignObject x="0" y="0" width="85" height="45" id="text">
				<div xmlns="http://www.w3.org/1999/xhtml"></div>
			</foreignObject>
		</p:Content>
	</Shape>

	<Shape id="Area" displayName="Area" icon="Icons/area.png">
		<Properties>
			<PropertyGroup>
				<Property name="box" type="Dimension" p:lockRatio="true">60,60</Property>
				<Property name="isMulti" type="Bool" displayName="Interactive">false</Property>
				<Property name="conditional" type="Bool" displayName="Conditional">false</Property>
				<Property name="withBlur" type="Bool" displayName="With Shadow">false</Property>
				<Property name="withCorners" type="Bool" displayName="With Rounded Corners">true</Property>
				<Property name="withBorder" type="Bool" displayName="With Border">true</Property>
				<Property name="radiusReminder" displayName="Radius Meta Data" type="Dimension">15,0</Property>
			</PropertyGroup>
			<PropertyGroup name="Handles">
				<Property name="radius" displayName="Corner Radius" type="Handle" p:disabled="!$withCorners.value" p:lockY="true" p:minX="0" p:maxX="$box.w / 2">15,0</Property>
				<Property name="textPadding" displayName="Text Padding" type="Handle" p:lockX="true" p:minY="0" p:maxY="$box.w / 2">0,10</Property>
			</PropertyGroup>
			<PropertyGroup name="Background">
				<Property name="fillColor" displayName="Background Color" type="Color">#ffffffff</Property>
			</PropertyGroup>
			<PropertyGroup name="Border">
				<Property name="strokeColor" displayName="Border Color" type="Color">#000000ff</Property>
				<Property name="strokeStyle" displayName="Border Style" type="StrokeStyle">1|</Property>
			</PropertyGroup>
			<PropertyGroup name="Text">
				<Property name="textContent" displayName="Text Content" type="RichText"><![CDATA[Area]]></Property>
				<Property name="textFont" displayName="Default Font" type="Font">Arial|normal|normal|12px</Property>
				<Property name="textColor" displayName="Text Color" type="Color">#000000ff</Property>
				<Property name="textAlign" displayName="Text Alignment" type="Alignment">1,1</Property>
			</PropertyGroup>
		</Properties>
		<Behaviors>
			<For ref="rrRect">
				<Box>$box.narrowed($strokeStyle.w % 2 == 0 ? 0 : 1)</Box>
				<Transform>[translate(($strokeStyle.w % 2 == 0 ? 0 : 0.5), ($strokeStyle.w % 2 == 0 ? 0 : 0.5))]</Transform>
				<Fill>$fillColor</Fill>
				<StrokeColor>$strokeColor</StrokeColor>
				<StrokeStyle>$withBorder.value ? ($conditional.value ? new StrokeStyle.fromString("1|1,3") : $strokeStyle) : StrokeStyle.fromString("0|")</StrokeStyle>
				<Radius>
					<Arg>$withCorners.value ? $radius.x : 0</Arg>
					<Arg>$withCorners.value ? $radius.x : 0</Arg>
				</Radius>
			</For>
			<For ref="text">
				<TextContent>$textContent</TextContent>
				<Font>$textFont</Font>
				<Fill>$textColor</Fill>
				<Color>$textColor</Color>
				<BoxFit>
					<Arg>Bound.fromBox($box, $textPadding.y)</Arg>
					<Arg>$textAlign</Arg>
				</BoxFit>
			</For>
			<For ref="bgCopy">
				<Transform>
					($isMulti.value ? [translate(10,10)] : [translate(2,2)]);
				</Transform>
				<ApplyFilter>$withBlur</ApplyFilter>
				<Visibility>$withBlur</Visibility>
			</For>
			<For ref="multi1">
				<Visibility>$isMulti</Visibility>
			</For>
			<For ref="multi2">
				<Visibility>$isMulti</Visibility>
			</For>
		</Behaviors>
		<Actions>
			<Action id="makeSymmetricMin" displayName="Make Symmetric (min)">
				<Impl>
					<![CDATA[
					var box = this.getProperty("box");
					var size = Math.min(box.w, box.h);
					this.setProperty("box", new Dimension(size, size));
					]]>
				</Impl>
			</Action>
			<Action id="makeSymmetricMax" displayName="Make Symmetric (max)">
				<Impl>
					<![CDATA[
					var box = this.getProperty("box");
					var size = Math.max(box.w, box.h);
					this.setProperty("box", new Dimension(size, size));
					]]>
				</Impl>
			</Action>
		</Actions>
		<p:Content xmlns:p="http://www.evolus.vn/Namespace/Pencil" xmlns="http://www.w3.org/2000/svg">
			<defs>
				<rect width="61" height="24" rx="3" ry="3" x="0" y="0" style="stroke-width: 1px;" id="rrRect" />
				<filter id="shadingFilter" height="1.2558399" y="-0.12792" width="1.06396" x="-0.03198">
					<feGaussianBlur stdDeviation="1" in="SourceAlpha"/>
				</filter>
			</defs>
			<use xlink:href="#rrRect" id="bgCopy" transform="translate(2, 2)" p:filter="url(#shadingFilter)" style="opacity:0.5;" p:heavy="true"/>
			<use xlink:href="#rrRect" id="multi2" transform="translate(8, 8)"/>
			<use xlink:href="#rrRect" id="multi1" transform="translate(4, 4)"/>
			<use xlink:href="#rrRect" />
			<foreignObject x="0" y="0" width="85" height="45" id="text">
				<div xmlns="http://www.w3.org/1999/xhtml"></div>
			</foreignObject>
		</p:Content>
	</Shape>

	<Shape id="Decision" displayName="Decision Point" icon="Icons/decision.png">
		<Properties>
			<PropertyGroup>
				<Property name="box" type="Dimension" p:lockRatio="true">90,50</Property>
				<Property name="withBorder" type="Bool" displayName="With Border">true</Property>
			</PropertyGroup>
			<PropertyGroup name="Background">
				<Property name="fillColor" displayName="Background Color" type="Color">#ffffffff</Property>
			</PropertyGroup>
			<PropertyGroup name="Border">
				<Property name="strokeColor" displayName="Border Color" type="Color">#000000ff</Property>
				<Property name="strokeStyle" displayName="Border Style" type="StrokeStyle">1|</Property>
			</PropertyGroup>
			<PropertyGroup name="Text">
				<Property name="textContent" displayName="Text Content" type="RichText"><![CDATA[Decision]]></Property>
				<Property name="textFont" displayName="Default Font" type="Font">Arial|normal|normal|12px</Property>
				<Property name="textColor" displayName="Text Color" type="Color">#000000ff</Property>
				<Property name="textAlign" displayName="Text Alignment" type="Alignment">1,1</Property>
			</PropertyGroup>
		</Properties>
		<Behaviors>
			<For ref="diamond">
				<D>[M($box.w/2, 0), L($box.w,$box.h/2), L($box.w/2,$box.h), L(0,$box.h/2), z]</D>
				<StrokeColor>$strokeColor</StrokeColor>
				<StrokeStyle>$withBorder.value ? $strokeStyle : StrokeStyle.fromString("0|")</StrokeStyle>
				<Fill>$fillColor</Fill>
			</For>
			<For ref="text">
				<TextContent>$textContent</TextContent>
				<Font>$textFont</Font>
				<Fill>$textColor</Fill>
				<Color>$textColor</Color>
				<BoxFit>
					<Arg>Bound.fromBox($box, 5)</Arg>
					<Arg>$textAlign</Arg>
				</BoxFit>
			</For>
		</Behaviors>
		<Actions>
			<Action id="restoreAspect" displayName="Correct Ratio">
				<Impl>
					<![CDATA[
						var box = this.getProperty("box");
						this.setProperty("box", new Dimension(box.w,box.w*50/90));
					]]>
				</Impl>
			</Action>
			<Action id="restoreSize" displayName="Restore Size (90,50)">
				<Impl>
					<![CDATA[
					this.setProperty("box", new Dimension(90,50));
					]]>
				</Impl>
			</Action>
		</Actions>
		<p:Content xmlns:p="http://www.evolus.vn/Namespace/Pencil" xmlns="http://www.w3.org/2000/svg">
			<path
				transform="translate(0.5 0.5)"
				style="stroke-width:1px;opacity:1;stroke:#000000ff;fill-opacity:0;"
				id="diamond" />
			<foreignObject x="0" y="0" width="105" height="35" id="text">
				<div xmlns="http://www.w3.org/1999/xhtml"></div>
			</foreignObject>
		</p:Content>
	</Shape>

	<Shape id="Circle" displayName="Cluster" icon="Icons/circle.png">
		<Properties>
			<PropertyGroup>
				<Property name="box" type="Dimension" p:lockRatio="true">50,50</Property>
				<Property name="withBorder" type="Bool" displayName="With Border">true</Property>
			</PropertyGroup>
			<PropertyGroup name="Background">
				<Property name="fillColor" displayName="Color" type="Color">#FFFFFFFF</Property>
			</PropertyGroup>
			<PropertyGroup name="Border">
				<Property name="strokeColor" displayName="Color" type="Color">#000000ff</Property>
				<Property name="strokeStyle" displayName="Style" type="StrokeStyle">1|</Property>
			</PropertyGroup>
			<PropertyGroup name="Text">
				<Property name="textContent" displayName="Text Content" type="RichText"></Property>
				<Property name="textFont" displayName="Default Font" type="Font">Arial|normal|normal|12px</Property>
				<Property name="textColor" displayName="Color" type="Color">#000000ff</Property>
			</PropertyGroup>
		</Properties>
		<Behaviors>
			<For ref="ellipse">
				<EllipseFit>$box</EllipseFit>
				<Fill>$fillColor</Fill>
				<StrokeColor>$strokeColor</StrokeColor>
				<StrokeStyle>$withBorder.value ? $strokeStyle : StrokeStyle.fromString("0|")</StrokeStyle>
			</For>
			<For ref="text">
				<TextContent>$textContent</TextContent>
				<Fill>$textColor</Fill>
				<Color>$textColor</Color>
				<Font>$textFont</Font>
				<BoxFit>
					<Arg>Bound.fromBox($box, 0)</Arg>
					<Arg>new Alignment(1, 1)</Arg>
				</BoxFit>
			</For>
		</Behaviors>
		<Actions>
			<Action id="makeSymmetricMin" displayName="Make Symmetric (min)">
				<Impl>
					<![CDATA[
					var box = this.getProperty("box");
					var size = Math.min(box.w, box.h);
					this.setProperty("box", new Dimension(size, size));
					]]>
				</Impl>
			</Action>
			<Action id="makeSymmetricMax" displayName="Make Symmetric (max)">
				<Impl>
					<![CDATA[
					var box = this.getProperty("box");
					var size = Math.max(box.w, box.h);
					this.setProperty("box", new Dimension(size, size));
					]]>
				</Impl>
			</Action>
			<Action id="makeWhite" displayName="Make White">
				<Impl>
					<![CDATA[
					this.setProperty("fillColor", new Color.fromString("#FFFFFFFF"));
					]]>
				</Impl>
			</Action>
			<Action id="makeYellow" displayName="Make Yellow">
				<Impl>
					<![CDATA[
					this.setProperty("fillColor", new Color.fromString("#FFCD19E6"));
					]]>
				</Impl>
			</Action>
			<Action id="makeBlue" displayName="Make Blue">
				<Impl>
					<![CDATA[
					this.setProperty("fillColor", new Color.fromString("#4FCDFFE6"));
					]]>
				</Impl>
			</Action>
			<Action id="makeGreen" displayName="Make Green">
				<Impl>
					<![CDATA[
					this.setProperty("fillColor", new Color.fromString("#87FF8BE6"));
					]]>
				</Impl>
			</Action>
		</Actions>
		<p:Content    xmlns:p="http://www.evolus.vn/Namespace/Pencil"
			xmlns="http://www.w3.org/2000/svg">
			<defs>
				<g id="container">
					<ellipse id="ellipse"/>
				</g>
			</defs>
			<use xlink:href="#container"/>
			<foreignObject x="0" y="0" width="200" height="150" id="text">
				<div xmlns="http://www.w3.org/1999/xhtml"></div>
			</foreignObject>
		</p:Content>
	</Shape>

	<!-- Skew not implemented? -->
	<Shape id="Data" displayName="Data" icon="Icons/data.png">
		<Properties>
			<PropertyGroup>
				<Property name="box" type="Dimension" p:lockRatio="true">75,45</Property>
				<Property name="withBorder" type="Bool" displayName="With Border">true</Property>
			</PropertyGroup>
			<PropertyGroup name="Background">
				<Property name="fillColor" displayName="Background Color" type="Color">#ffffffff</Property>
			</PropertyGroup>
			<PropertyGroup name="Border">
				<Property name="strokeColor" displayName="Border Color" type="Color">#000000ff</Property>
				<Property name="strokeStyle" displayName="Border Style" type="StrokeStyle">1|</Property>
			</PropertyGroup>
			<PropertyGroup name="Text">
				<Property name="textContent" displayName="Text Content" type="RichText"><![CDATA[Data]]></Property>
				<Property name="textFont" displayName="Default Font" type="Font">Arial|normal|normal|12px</Property>
				<Property name="textColor" displayName="Text Color" type="Color">#000000ff</Property>
				<Property name="textAlign" displayName="Text Alignment" type="Alignment">1,1</Property>
			</PropertyGroup>
		</Properties>
		<Behaviors>
			<For ref="romb">
				<D>[M($box.w/10, 0), L($box.w+($box.w/10),0), L($box.w-($box.w/10),$box.h), L(-($box.w/10),$box.h), z]</D>
				<StrokeColor>$strokeColor</StrokeColor>
				<StrokeStyle>$withBorder.value ? $strokeStyle : StrokeStyle.fromString("0|")</StrokeStyle>
				<Fill>$fillColor</Fill>
			</For>
			<For ref="text">
				<TextContent>$textContent</TextContent>
				<Font>$textFont</Font>
				<Fill>$textColor</Fill>
				<Color>$textColor</Color>
				<BoxFit>
					<Arg>Bound.fromBox($box, 5)</Arg>
					<Arg>$textAlign</Arg>
				</BoxFit>
			</For>
		</Behaviors>
		<Actions>
			<Action id="restoreAspect" displayName="Correct Ratio">
				<Impl>
					<![CDATA[
						var box = this.getProperty("box");
						this.setProperty("box", new Dimension(box.w,box.w*(45/75)));
					]]>
				</Impl>
			</Action>
			<Action id="restoreSize" displayName="Restore Size (75,45)">
				<Impl>
					<![CDATA[
					this.setProperty("box", new Dimension(75,45));
					]]>
				</Impl>
			</Action>
		</Actions>
		<p:Content xmlns:p="http://www.evolus.vn/Namespace/Pencil" xmlns="http://www.w3.org/2000/svg">
			<path
				transform="translate(0.5 0.5)"
				style="stroke-width:1px;opacity:1;stroke:#000000ff;fill-opacity:0;"
				id="romb" />
			<foreignObject x="0" y="0" width="105" height="35" id="text">
				<div xmlns="http://www.w3.org/1999/xhtml"></div>
			</foreignObject>
		</p:Content>
	</Shape>

	<Shape id="Document" displayName="Document" icon="Icons/document.png">
		<Properties>
			<PropertyGroup>
				<Property name="box" type="Dimension" p:lockRatio="true">85,45</Property>
			</PropertyGroup>
			<PropertyGroup name="Background">
				<Property name="fillColor" displayName="Background Color" type="Color">#ffffffff</Property>
			</PropertyGroup>
			<PropertyGroup name="Border">
				<Property name="strokeColor" displayName="Border Color" type="Color">#000000ff</Property>
				<Property name="strokeStyle" displayName="Border Style" type="StrokeStyle">1|</Property>
			</PropertyGroup>
			<PropertyGroup name="Text">
				<Property name="textContent" displayName="Text Content" type="RichText"><![CDATA[Document]]></Property>
				<Property name="textFont" displayName="Default Font" type="Font">Arial|normal|normal|12px</Property>
				<Property name="textColor" displayName="Text Color" type="Color">#000000ff</Property>
				<Property name="textAlign" displayName="Text Alignment" type="Alignment">1,1</Property>
			</PropertyGroup>
		</Properties>
		<Behaviors>
			<For ref="doc">
				<D>[M(0, 0), L($box.w,0), L($box.w,$box.h), C($box.w-$box.w/3, $box.h-25, $box.w/3,$box.h+25, 0, $box.h), z]</D>
				<StrokeColor>$strokeColor</StrokeColor>
				<StrokeStyle>$strokeStyle</StrokeStyle>
				<Fill>$fillColor</Fill>
			</For>
			<For ref="text">
				<TextContent>$textContent</TextContent>
				<Font>$textFont</Font>
				<Fill>$textColor</Fill>
				<Color>$textColor</Color>
				<BoxFit>
					<Arg>Bound.fromBox($box, 5)</Arg>
					<Arg>$textAlign</Arg>
				</BoxFit>
			</For>
		</Behaviors>
		<Actions>
			<Action id="restoreAspect" displayName="Correct Ratio">
				<Impl>
					<![CDATA[
						var box = this.getProperty("box");
						this.setProperty("box", new Dimension(box.w,box.w*45/85));
					]]>
				</Impl>
			</Action>
			<Action id="restoreSize" displayName="Restore Size (85,45)">
				<Impl>
					<![CDATA[
					this.setProperty("box", new Dimension(85,45));
					]]>
				</Impl>
			</Action>
		</Actions>
		<p:Content xmlns:p="http://www.evolus.vn/Namespace/Pencil" xmlns="http://www.w3.org/2000/svg">
			<path
				transform="translate(0.5 0.5)"
				style="stroke-width:1px;opacity:1;stroke:#000000ff;fill-opacity:0;"
				id="doc" />
			<foreignObject x="0" y="0" width="105" height="35" id="text">
				<div xmlns="http://www.w3.org/1999/xhtml"></div>
			</foreignObject>
		</p:Content>
	</Shape>

	<Shape id="SimpleConnector" displayName="Connector" icon="Icons/connector.png">
		<Properties>
			<PropertyGroup>
				<Property name="a" displayName="Start Handle" type="Handle">0,0</Property>
				<Property name="b" displayName="Middle Handle" type="Handle" p:disabled="$style.value=='straight'" >90,-10</Property><!-- p:minY="Math.min($a.y,$c.y)" p:maxY="Math.max($a.y,$c.y)" -->
				<Property name="c" displayName="End Handle" type="Handle">120,-20</Property>
				<Property name="withStartArrow" type="Bool" displayName="With Start Arrow">true</Property>
				<Property name="withEndArrow" type="Bool" displayName="With End Arrow">true</Property>
				<Property name="arrowDataHolder" displayName="Arrow Meta Data" type="Dimension">15,15</Property>
                <Property name="style" displayName="Style" type="Enum" p:enumValues="['default|default','hard|Hard Corner', 'smooth|Smooth Corner', 'straight|Straight']">default</Property>
			</PropertyGroup>
			<PropertyGroup name="Line">
				<Property name="strokeColor" displayName="Line Color" type="Color">#000000ff</Property>
				<Property name="strokeStyle" displayName="Line Style" type="StrokeStyle">1|</Property>
			</PropertyGroup>
		</Properties>
		<Behaviors>
			<For ref="path">
				<Transform>[translate(0, ($strokeStyle.w % 2) / 2)]</Transform>
				<StrokeColor>$strokeColor</StrokeColor>
				<StrokeStyle>$strokeStyle</StrokeStyle>
                <D>var x = {"smooth": [M($a.x, $a.y), S($b.x, $b.y, $c.x, $c.y)],
                        "hard": [M($a.x, $a.y), L($b.x, $b.y), L($c.x, $c.y)],
                        "straight": [M($a.x, $a.y), L($c.x, $c.y)],
                        "default":[M($a.x, $a.y),L($b.x-(($strokeStyle.w%2)/2), $a.y), L($b.x-(($strokeStyle.w % 2)/2), $c.y), L($c.x, $c.y)]}[$style.value];
                        x</D>
			</For>
			<For ref="startArrow">
				<Transform>
				    var x = {"smooth" : [translate($a.x,$a.y),rotate(Math.atan(($a.y-$b.y)/($a.x-$b.x))/Math.PI*180), translate(-$a.x,-$a.y)],
				             "hard"   : [translate($a.x,$a.y),rotate(Math.atan(($a.y-$b.y)/($a.x-$b.x))/Math.PI*180), translate(-$a.x,-$a.y)],
				             "straight":[translate($a.x,$a.y),rotate(Math.atan(($a.y-$c.y)/($a.x-$c.x))/Math.PI*180), translate(-$a.x,-$a.y)],
				             "default":[translate(0, ($strokeStyle.w % 2) / 2)]
				             }[$style.value];
				    x;
                </Transform>
                <StrokeColor>$strokeColor</StrokeColor>
				<StrokeStyle>new StrokeStyle($strokeStyle.w)</StrokeStyle>
				<D>
					var type="right";
					type=( ($a.x > $b.x) ? "left" :type);
					type=($style.value == 'straight' ) ? "right" : type;
					var x = {
						"left": [M($a.x - $arrowDataHolder.w, $a.y - $arrowDataHolder.h ), L($a.x, $a.y), L($a.x - $arrowDataHolder.w, $a.y + $arrowDataHolder.h)],
						"left_filled": [M($a.x - $arrowDataHolder.w, $a.y - $arrowDataHolder.h ), L($a.x, $a.y), L($a.x - $arrowDataHolder.w, $a.y + $arrowDataHolder.h), z],
						"right": [M($a.x + $arrowDataHolder.w, $a.y - $arrowDataHolder.h ), L($a.x, $a.y), L($a.x + $arrowDataHolder.w, $a.y + $arrowDataHolder.h)],
						"right_filled": [M($a.x + $arrowDataHolder.w, $a.y - $arrowDataHolder.h ), L($a.x, $a.y), L($a.x + $arrowDataHolder.w, $a.y + $arrowDataHolder.h), z]
					}[type];
					x
				</D>
				<Visibility>$withStartArrow</Visibility>
			</For>
			<For ref="endArrow">
				<Transform>
				    var x = {"smooth" : [translate($c.x,$c.y),rotate(Math.atan(($b.y-$c.y)/($b.x-$c.x))/Math.PI*180), translate(-$c.x,-$c.y), translate(0, ($strokeStyle.w % 2) / 2)],
				             "hard"   : [translate($c.x,$c.y),rotate(Math.atan(($b.y-$c.y)/($b.x-$c.x))/Math.PI*180), translate(-$c.x,-$c.y), translate(0, ($strokeStyle.w % 2) / 2)],
				             "straight":[translate($c.x,$c.y),rotate(Math.atan(($a.y-$c.y)/($a.x-$c.x))/Math.PI*180), translate(-$c.x,-$c.y), translate(0, ($strokeStyle.w % 2) / 2)],
				             "default":[translate(0, ($strokeStyle.w % 2) / 2)]
				             }[$style.value];
				    x;
                </Transform>
				<StrokeColor>$strokeColor</StrokeColor>
				<StrokeStyle>new StrokeStyle($strokeStyle.w)</StrokeStyle>
				<D>
					var type="right";
					type=( ($c.x > $b.x) ? "left" :type);
					type=($style.value == 'straight' ) ? "left" : type;
					var x = {
						"left": [M($c.x - $arrowDataHolder.w, $c.y - $arrowDataHolder.h ), L($c.x, $c.y), L($c.x - $arrowDataHolder.w, $c.y + $arrowDataHolder.h)],
						"left_filled": [M($c.x - $arrowDataHolder.w, $c.y - $arrowDataHolder.h ), L($c.x, $c.y), L($c.x - $arrowDataHolder.w, $c.y + $arrowDataHolder.h),z],
						"right": [M($c.x + $arrowDataHolder.w, $c.y - 5 ), L($c.x, $c.y), L($c.x + $arrowDataHolder.w, $c.y + 5)],
						"right_filled": [M($c.x + $arrowDataHolder.w, $c.y - $arrowDataHolder.h ), L($c.x, $c.y), L($c.x + $arrowDataHolder.w, $c.y + $arrowDataHolder.h),z]
					}[type];
					x
				</D>
				<Visibility>$withEndArrow</Visibility>
			</For>
			<For ref="bgRect">
				<D>[M(Math.min($a.x, $c.x), Math.min($a.y, $c.y)), L(Math.min($a.x, $c.x), Math.max($a.y, $c.y)), L(Math.max($a.x, $c.x), Math.max($a.y, $c.y)), L(Math.max($a.x, $c.x), Math.min($a.y, $c.y)), z]</D>
				<Fill>Color.fromString("#ffffff00")</Fill>
			</For>
		</Behaviors>
		<Actions>
			<Action id="setArrowLength" displayName="Set arrow length">
				<Impl>
					<![CDATA[
					// Trick: Use 'arrowDataHolder' to store arrow data
					var arrowData = this.getProperty("arrowDataHolder");
					var l = prompt("Enter arrow length:", arrowData.w);
					var REG_EX = /^([\0-9]+)$/;
					if (l.match(REG_EX)) {
						this.setProperty("arrowDataHolder", new Dimension(parseInt(RegExp.$1),arrowData.h));
					} else {
						//alert("Illegal value: " + l);
					}
					]]>
				</Impl>
			</Action>
			<Action id="setArrowHeight" displayName="Set arrow height">
				<Impl>
					<![CDATA[
					// Trick: Use 'arrowDataHolder' to store arrow data
					var arrowData = this.getProperty("arrowDataHolder");
					var l = prompt("Enter arrow height:", arrowData.h);
					var REG_EX = /^([\0-9]+)$/;
					if (l.match(REG_EX)) {
						this.setProperty("arrowDataHolder", new Dimension(arrowData.w,parseInt(RegExp.$1)));
					} else {
						//alert("Illegal value: " + l);
					}
					]]>
				</Impl>
			</Action>
		</Actions>
		<p:Content    xmlns:p="http://www.evolus.vn/Namespace/Pencil"
			xmlns="http://www.w3.org/2000/svg">
			<path style="stroke: none;" id="bgRect"/>
			<path id="path"  fill="none" style="stroke-linejoin: round;"/>
			<path id="startArrow" fill="none" style="stroke-linejoin: round;"/>
			<path id="endArrow" fill="none" style="stroke-linejoin: round;"/>
		</p:Content>
	</Shape>
	<Shape id="star" displayName="star" icon="Icons/star.png">
		<Properties>
			<PropertyGroup>

				<Property name="starDataHolder" displayName="Start Meta Data" type="Dimension">4,0</Property>
				<Property name="convex" displayName="Polygon ?" type="Bool">false</Property>

			</PropertyGroup>
			<PropertyGroup name="Handles">
				<Property name="center" displayName="center" type="Handle" p:lockX="true" p:lockY="true" >0,0</Property>
				<Property name="textPadding" displayName="Text Padding" type="Handle" p:minX="0" p:minY="0" >10,10</Property>
				<Property name="end" displayName="end" type="Handle" >50,0</Property>
				<Property name="start" displayName="start" type="Handle" p:disabled="$convex.value">10,10</Property>
			</PropertyGroup>
			<PropertyGroup name="Background">
				<Property name="fillColor" displayName="Background Color" type="Color">#ffffff00</Property>
			</PropertyGroup>
			<PropertyGroup name="Border">
				<Property name="strokeColor" displayName="Border Color" type="Color">#000000ff</Property>
				<Property name="strokeStyle" displayName="Border Style" type="StrokeStyle">1|</Property>
			</PropertyGroup>
			<PropertyGroup name="Text">
				<Property name="textContent" displayName="Text Content" type="RichText"><![CDATA[star]]></Property>
				<Property name="textFont" displayName="Default Font" type="Font">Arial|normal|normal|12px</Property>
				<Property name="textColor" displayName="Text Color" type="Color">#000000ff</Property>
				<Property name="textAlign" displayName="Text Alignment" type="Alignment">1,1</Property>
			</PropertyGroup>
		</Properties>
		<Behaviors>
			<For ref="path">
				<Transform>[translate(($strokeStyle.w % 2 == 0 ? 0 : 0.5), ($strokeStyle.w % 2 == 0 ? 0 : 0.5))]</Transform>
				<D>
				    var corners = $starDataHolder.w;
					var angle = 2*Math.PI/corners;
					var x = [];
					x.push(M($end.x,$end.y));
					if(!$convex.value) x.push(L($start.x,$start.y));
					for(var i=1;i&lt;corners;i++){
					    x.push(L(Math.cos(angle*i)*$end.x-Math.sin(angle*i)*$end.y ,Math.sin(angle*i)*$end.x +Math.cos(angle*i)*$end.y))
					    if(!$convex.value)x.push(L(Math.cos(angle*i)*$start.x-Math.sin(angle*i)*$start.y ,Math.sin(angle*i)*$start.x +Math.cos(angle*i)*$start.y))
					}
					x.push(z)
					x
				</D>
				<Fill>$fillColor</Fill>
				<StrokeColor>$strokeColor</StrokeColor>
				<StrokeStyle>$strokeStyle</StrokeStyle>
			</For>
			<For ref="text">
				<TextContent>$textContent</TextContent>
				<Font>$textFont</Font>
				<Fill>$textColor</Fill>
				<Color>$textColor</Color>
				<BoxFit>
					<Arg>
					length = Math.max(Math.abs($start.x),Math.abs($start.y),Math.abs($end.x),Math.abs($end.y));
					new Bound(-length+$textPadding.x,-length+$textPadding.y, 2*(length-$textPadding.x), 2*(length-$textPadding.y));
					</Arg>
					<Arg>$textAlign</Arg>
				</BoxFit>
			</For>
		</Behaviors>
		<Actions>
			<Action id="makeSymmetric" displayName="Make Symmetric">
				<Impl>
					<![CDATA[

					var corners = this.getProperty("starDataHolder");
					corners = corners.w;
					var angle = Math.PI/corners;
					var start = this.getProperty("start");
					var length = Math.sqrt(start.x*start.x+start.y*start.y);
					var end = this.getProperty("end");
					var length2 = Math.sqrt(end.x*end.x+end.y*end.y);

					if (length2 > length ) {
					    var short_corner =  "start";
					    var short_length = length;
					    var longer  = end;
					    var offset_angle =  Math.PI/corners;
					} else {
					    var short_corner =  "end";
					    var short_length   = length2;
					    var longer  = start;
					    var offset_angle = -Math.PI/corners;
					}
					if(longer.x <0 ) offset_angle = offset_angle + Math.PI
					var angle = Math.atan((longer.y/longer.x)) + offset_angle;
					var pos = {x:Math.cos(angle)*short_length ,y:Math.sin(angle)*short_length}
					this.setProperty(short_corner, new Handle(pos.x,pos.y));
					]]>
				</Impl>
			</Action>
			<Action id="setCornerNumber" displayName="Set corners">
				<Impl>
					<![CDATA[
					// Trick: Use 'starDataHolder' to store arrow data
					var starData = this.getProperty("starDataHolder");
					var l = prompt("Enter corners :", starData.w);
					var REG_EX = /^([\0-9]+)$/;
					if (l.match(REG_EX)) {
						this.setProperty("starDataHolder", new Dimension(parseInt(RegExp.$1),starData.h));
					} else {
						//alert("Illegal value: " + l);
					}
					//make symetric

					var corners = this.getProperty("starDataHolder");
					corners = corners.w;
					var angle = Math.PI/corners;
					var start = this.getProperty("start");
					var length = Math.sqrt(start.x*start.x+start.y*start.y);
					var pos = {x:Math.cos(angle)*length ,y:Math.sin(angle)*length}
					this.setProperty("start", new Handle(pos.x,pos.y));
					var end = this.getProperty("end");
					var length = Math.sqrt(end.x*end.x+end.y*end.y);
					var pos = {x:length ,y:0}
					this.setProperty("end", new Handle(pos.x,pos.y));
					]]>
				</Impl>
			</Action>
		</Actions>
		<p:Content xmlns:p="http://www.evolus.vn/Namespace/Pencil" xmlns="http://www.w3.org/2000/svg">
			<defs>
      	<path style="fill:#ffffff; stroke: #ACA899; stroke-width: 1px;"  id="path"/>
			</defs>
			<use xlink:href="#path" />
			<foreignObject x="0" y="0" width="85" height="45" id="text">
				<div xmlns="http://www.w3.org/1999/xhtml"></div>
			</foreignObject>
		</p:Content>
	</Shape>

</Shapes>